L0,L1,L2,Linf,angle,tolerance,ncp,hostname
0.0,0.0,0.0,0.0,0.0003452669847162036,1e-06,,ese-richter
1546922.0,0.9661081,0.063437976,0.03125,0.0,1e-16,,ese-richter
1546013.0,0.95566523,0.06421155,0.033203125,0.0,1e-15,,ese-richter
1541859.0,0.8880779,0.05279092,0.03125,0.0,1e-14,,ese-richter
1539657.0,0.9237956,0.05480006,0.025390625,0.0,1e-13,,ese-richter
1527744.0,0.9512296,0.06821233,0.046875,0.0,1e-12,,ese-richter
1523200.0,0.9078778,0.05620076,0.029296875,0.0,1e-11,,ese-richter
1506867.0,0.91768146,0.05799187,0.02734375,0.0,1e-10,,ese-richter
